<step title="BackgroundTrace" date="2019-07-13T15:19:17.421" instance="e91576" url="/deploy" method="POST" >
  <step title="Performing fetch based deployment" date="2019-07-13T15:19:17.499" >
    <step title="Creating temporary deployment" date="2019-07-13T15:19:17.563" /><!-- duration: 46ms -->
    <step title="DeploymentManager.Deploy(id:96de30fb3dbb4a1b278d6ec5f230f854b811e1ef)" date="2019-07-13T15:19:44.664" >
      <step title="Collecting changeset information" date="2019-07-13T15:19:44.664" /><!-- duration: 47ms -->
      <step title="Updating submodules" date="2019-07-13T15:19:44.711" /><!-- duration: 47ms -->
      <step title="Determining deployment builder" date="2019-07-13T15:19:44.851" >
        <step title="Builder is NodeSiteBuilder" date="2019-07-13T15:19:45.133" /><!-- duration: 16ms -->
      </step><!-- duration: 297ms -->
      <step title="Copying SSH keys" date="2019-07-13T15:19:45.180" /><!-- duration: 16ms -->
      <step title="Building" date="2019-07-13T15:19:45.211" >
        <step title="Generating deployment script" date="2019-07-13T15:19:45.242" >
          <step title="Using cached version of the deployment script for command: -y --no-dot-deployment -r &quot;D:\home\site\repository&quot; -o &quot;D:\home\site\deployments\tools&quot; --node --sitePath &quot;D:\home\site\repository&quot;" date="2019-07-13T15:19:45.289" /><!-- duration: 0ms -->
        </step><!-- duration: 47ms -->
        <step title="Executing external process" date="2019-07-13T15:19:45.352" type="process" path="starter.cmd" arguments="&quot;D:\home\site\deployments\tools\deploy.cmd&quot;" /><!-- duration: 72007ms -->
        <step title="Skip function trigger and logicapp sync because function is not enabled." date="2019-07-13T15:20:57.421" /><!-- duration: 0ms -->
        <step title="Purge deployment items" date="2019-07-13T15:20:57.703" >
          <step title="Remove c0801f35c, Success, received at 7/10/2019 3:38:17 PM" date="2019-07-13T15:20:57.749" /><!-- duration: 0ms -->
        </step><!-- duration: 47ms -->
      </step><!-- duration: 72554ms -->
    </step><!-- duration: 73117ms -->
    <step title="Cleaning up temp files" date="2019-07-13T15:20:57.781" /><!-- duration: 0ms -->
    <step title="WebHooksManager.PublishEventAsync: PostDeployment" date="2019-07-13T15:20:57.796" /><!-- duration: 47ms -->
  </step><!-- duration: 100360ms -->
</step><!-- duration: 100453ms -->
