<step title="BackgroundTrace" date="2019-07-11T16:38:31.566" instance="351922" url="/deploy" method="POST" >
  <step title="Performing fetch based deployment" date="2019-07-11T16:38:31.582" >
    <step title="Creating temporary deployment" date="2019-07-11T16:38:31.582" /><!-- duration: 109ms -->
    <step title="DeploymentManager.Deploy(id:fb71d4cccef9f846ab64d06bb178fd5aa00440bb)" date="2019-07-11T16:38:42.160" >
      <step title="Collecting changeset information" date="2019-07-11T16:38:42.160" /><!-- duration: 47ms -->
      <step title="Updating submodules" date="2019-07-11T16:38:42.207" /><!-- duration: 31ms -->
      <step title="Determining deployment builder" date="2019-07-11T16:38:42.317" >
        <step title="Builder is NodeSiteBuilder" date="2019-07-11T16:38:42.567" /><!-- duration: 0ms -->
      </step><!-- duration: 250ms -->
      <step title="Copying SSH keys" date="2019-07-11T16:38:42.598" /><!-- duration: 31ms -->
      <step title="Building" date="2019-07-11T16:38:42.645" >
        <step title="Generating deployment script" date="2019-07-11T16:38:42.676" >
          <step title="Using cached version of the deployment script for command: -y --no-dot-deployment -r &quot;D:\home\site\repository&quot; -o &quot;D:\home\site\deployments\tools&quot; --node --sitePath &quot;D:\home\site\repository&quot;" date="2019-07-11T16:38:42.692" /><!-- duration: 16ms -->
        </step><!-- duration: 31ms -->
        <step title="Executing external process" date="2019-07-11T16:38:42.770" type="process" path="starter.cmd" arguments="&quot;D:\home\site\deployments\tools\deploy.cmd&quot;" /><!-- duration: 47746ms -->
        <step title="Skip function trigger and logicapp sync because function is not enabled." date="2019-07-11T16:39:30.609" /><!-- duration: 0ms -->
        <step title="Purge deployment items" date="2019-07-11T16:39:31.015" >
          <step title="Remove 3fd02494a, Success, received at 7/8/2019 9:26:01 PM" date="2019-07-11T16:39:31.095" /><!-- duration: 0ms -->
        </step><!-- duration: 93ms -->
      </step><!-- duration: 48480ms -->
    </step><!-- duration: 48979ms -->
    <step title="Cleaning up temp files" date="2019-07-11T16:39:31.139" /><!-- duration: 20ms -->
    <step title="WebHooksManager.PublishEventAsync: PostDeployment" date="2019-07-11T16:39:31.452" /><!-- duration: 17ms -->
  </step><!-- duration: 59933ms -->
</step><!-- duration: 59967ms -->
