<step title="BackgroundTrace" date="2019-07-11T17:37:13.017" instance="351922" url="/deploy" method="POST" >
  <step title="Performing fetch based deployment" date="2019-07-11T17:37:13.111" >
    <step title="Creating temporary deployment" date="2019-07-11T17:37:13.111" /><!-- duration: 31ms -->
    <step title="DeploymentManager.Deploy(id:519810265da4ab6d81615ad42489182c50ad1dd5)" date="2019-07-11T17:37:23.178" >
      <step title="Collecting changeset information" date="2019-07-11T17:37:23.194" /><!-- duration: 63ms -->
      <step title="Updating submodules" date="2019-07-11T17:37:23.256" /><!-- duration: 47ms -->
      <step title="Determining deployment builder" date="2019-07-11T17:37:23.381" >
        <step title="Builder is NodeSiteBuilder" date="2019-07-11T17:37:23.616" /><!-- duration: 0ms -->
      </step><!-- duration: 250ms -->
      <step title="Copying SSH keys" date="2019-07-11T17:37:23.663" /><!-- duration: 47ms -->
      <step title="Building" date="2019-07-11T17:37:23.709" >
        <step title="Generating deployment script" date="2019-07-11T17:37:23.741" >
          <step title="Using cached version of the deployment script for command: -y --no-dot-deployment -r &quot;D:\home\site\repository&quot; -o &quot;D:\home\site\deployments\tools&quot; --node --sitePath &quot;D:\home\site\repository&quot;" date="2019-07-11T17:37:23.772" /><!-- duration: 16ms -->
        </step><!-- duration: 47ms -->
        <step title="Executing external process" date="2019-07-11T17:37:23.867" type="process" path="starter.cmd" arguments="&quot;D:\home\site\deployments\tools\deploy.cmd&quot;" /><!-- duration: 48741ms -->
        <step title="Skip function trigger and logicapp sync because function is not enabled." date="2019-07-11T17:38:12.671" /><!-- duration: 0ms -->
        <step title="Purge deployment items" date="2019-07-11T17:38:13.155" >
          <step title="Remove cf9ef326d, Success, received at 7/8/2019 10:09:38 PM" date="2019-07-11T17:38:13.202" /><!-- duration: 0ms -->
        </step><!-- duration: 63ms -->
      </step><!-- duration: 49524ms -->
    </step><!-- duration: 50055ms -->
    <step title="Cleaning up temp files" date="2019-07-11T17:38:13.248" /><!-- duration: 0ms -->
    <step title="WebHooksManager.PublishEventAsync: PostDeployment" date="2019-07-11T17:38:13.264" /><!-- duration: 16ms -->
  </step><!-- duration: 60184ms -->
</step><!-- duration: 60278ms -->
