<step title="BackgroundTrace" date="2019-07-11T12:47:53.698" instance="351922" url="/deploy" method="POST" >
  <step title="Performing fetch based deployment" date="2019-07-11T12:47:53.749" >
    <step title="Creating temporary deployment" date="2019-07-11T12:47:53.792" /><!-- duration: 47ms -->
    <step title="DeploymentManager.Deploy(id:f3fcb34e2ef6427b675ae87c5a230701ea6788be)" date="2019-07-11T12:48:05.167" >
      <step title="Collecting changeset information" date="2019-07-11T12:48:05.183" /><!-- duration: 31ms -->
      <step title="Updating submodules" date="2019-07-11T12:48:05.229" /><!-- duration: 31ms -->
      <step title="Determining deployment builder" date="2019-07-11T12:48:05.339" >
        <step title="Builder is NodeSiteBuilder" date="2019-07-11T12:48:05.558" /><!-- duration: 0ms -->
      </step><!-- duration: 234ms -->
      <step title="Copying SSH keys" date="2019-07-11T12:48:05.589" /><!-- duration: 47ms -->
      <step title="Building" date="2019-07-11T12:48:05.636" >
        <step title="Generating deployment script" date="2019-07-11T12:48:05.698" >
          <step title="Using cached version of the deployment script for command: -y --no-dot-deployment -r &quot;D:\home\site\repository&quot; -o &quot;D:\home\site\deployments\tools&quot; --node --sitePath &quot;D:\home\site\repository&quot;" date="2019-07-11T12:48:05.732" /><!-- duration: 14ms -->
        </step><!-- duration: 47ms -->
        <step title="Executing external process" date="2019-07-11T12:48:05.808" type="process" path="starter.cmd" arguments="&quot;D:\home\site\deployments\tools\deploy.cmd&quot;" /><!-- duration: 46211ms -->
        <step title="Skip function trigger and logicapp sync because function is not enabled." date="2019-07-11T12:48:52.081" /><!-- duration: 0ms -->
        <step title="Purge deployment items" date="2019-07-11T12:48:52.378" >
          <step title="Remove d957d289d, Success, received at 7/8/2019 9:21:58 PM" date="2019-07-11T12:48:52.425" /><!-- duration: 0ms -->
        </step><!-- duration: 62ms -->
      </step><!-- duration: 46821ms -->
    </step><!-- duration: 47289ms -->
    <step title="Cleaning up temp files" date="2019-07-11T12:48:52.472" /><!-- duration: 0ms -->
    <step title="WebHooksManager.PublishEventAsync: PostDeployment" date="2019-07-11T12:48:52.488" /><!-- duration: 47ms -->
  </step><!-- duration: 58833ms -->
</step><!-- duration: 58883ms -->
