<step title="BackgroundTrace" date="2019-07-11T16:57:02.699" instance="351922" url="/deploy" method="POST" >
  <step title="Performing fetch based deployment" date="2019-07-11T16:57:02.715" >
    <step title="Creating temporary deployment" date="2019-07-11T16:57:02.715" /><!-- duration: 94ms -->
    <step title="DeploymentManager.Deploy(id:71f8b0e417a6224bd312ab869dfe499af1b81a14)" date="2019-07-11T16:57:14.731" >
      <step title="Collecting changeset information" date="2019-07-11T16:57:14.731" /><!-- duration: 47ms -->
      <step title="Updating submodules" date="2019-07-11T16:57:14.794" /><!-- duration: 31ms -->
      <step title="Determining deployment builder" date="2019-07-11T16:57:14.919" >
        <step title="Builder is NodeSiteBuilder" date="2019-07-11T16:57:15.137" /><!-- duration: 18ms -->
      </step><!-- duration: 237ms -->
      <step title="Copying SSH keys" date="2019-07-11T16:57:15.184" /><!-- duration: 31ms -->
      <step title="Building" date="2019-07-11T16:57:15.231" >
        <step title="Generating deployment script" date="2019-07-11T16:57:15.262" >
          <step title="Using cached version of the deployment script for command: -y --no-dot-deployment -r &quot;D:\home\site\repository&quot; -o &quot;D:\home\site\deployments\tools&quot; --node --sitePath &quot;D:\home\site\repository&quot;" date="2019-07-11T16:57:15.309" /><!-- duration: 0ms -->
        </step><!-- duration: 47ms -->
        <step title="Executing external process" date="2019-07-11T16:57:15.372" type="process" path="starter.cmd" arguments="&quot;D:\home\site\deployments\tools\deploy.cmd&quot;" /><!-- duration: 49664ms -->
        <step title="Skip function trigger and logicapp sync because function is not enabled." date="2019-07-11T16:58:05.098" /><!-- duration: 16ms -->
        <step title="Purge deployment items" date="2019-07-11T16:58:05.489" >
          <step title="Remove 0de79b1c0, Success, received at 7/8/2019 9:33:32 PM" date="2019-07-11T16:58:05.535" /><!-- duration: 0ms -->
        </step><!-- duration: 47ms -->
      </step><!-- duration: 50336ms -->
    </step><!-- duration: 50836ms -->
    <step title="Cleaning up temp files" date="2019-07-11T16:58:05.567" /><!-- duration: 16ms -->
    <step title="WebHooksManager.PublishEventAsync: PostDeployment" date="2019-07-11T16:58:05.598" /><!-- duration: 16ms -->
  </step><!-- duration: 62914ms -->
</step><!-- duration: 62930ms -->
