<step title="BackgroundTrace" date="2019-07-13T17:39:10.288" instance="e91576" url="/deploy" method="POST" >
  <step title="Performing fetch based deployment" date="2019-07-13T17:39:10.332" >
    <step title="Creating temporary deployment" date="2019-07-13T17:39:10.395" /><!-- duration: 31ms -->
    <step title="DeploymentManager.Deploy(id:8957d72aefa9ef857cbc2fc7753370999c285f94)" date="2019-07-13T17:39:25.338" >
      <step title="Collecting changeset information" date="2019-07-13T17:39:25.353" /><!-- duration: 31ms -->
      <step title="Updating submodules" date="2019-07-13T17:39:25.385" /><!-- duration: 31ms -->
      <step title="Determining deployment builder" date="2019-07-13T17:39:25.478" >
        <step title="Builder is NodeSiteBuilder" date="2019-07-13T17:39:25.728" /><!-- duration: 16ms -->
      </step><!-- duration: 266ms -->
      <step title="Copying SSH keys" date="2019-07-13T17:39:25.775" /><!-- duration: 31ms -->
      <step title="Building" date="2019-07-13T17:39:25.806" >
        <step title="Generating deployment script" date="2019-07-13T17:39:25.838" >
          <step title="Using cached version of the deployment script for command: -y --no-dot-deployment -r &quot;D:\home\site\repository&quot; -o &quot;D:\home\site\deployments\tools&quot; --node --sitePath &quot;D:\home\site\repository&quot;" date="2019-07-13T17:39:25.885" /><!-- duration: 0ms -->
        </step><!-- duration: 63ms -->
        <step title="Executing external process" date="2019-07-13T17:39:25.963" type="process" path="starter.cmd" arguments="&quot;D:\home\site\deployments\tools\deploy.cmd&quot;" /><!-- duration: 50064ms -->
        <step title="Skip function trigger and logicapp sync because function is not enabled." date="2019-07-13T17:40:16.069" /><!-- duration: 0ms -->
        <step title="Purge deployment items" date="2019-07-13T17:40:16.335" >
          <step title="Remove fa36e212b, Success, received at 7/11/2019 9:31:37 AM" date="2019-07-13T17:40:16.382" /><!-- duration: 16ms -->
        </step><!-- duration: 62ms -->
      </step><!-- duration: 50607ms -->
    </step><!-- duration: 51091ms -->
    <step title="Cleaning up temp files" date="2019-07-13T17:40:16.429" /><!-- duration: 16ms -->
    <step title="WebHooksManager.PublishEventAsync: PostDeployment" date="2019-07-13T17:40:16.460" /><!-- duration: 31ms -->
  </step><!-- duration: 66190ms -->
</step><!-- duration: 66234ms -->
