<step title="BackgroundTrace" date="2019-07-11T16:31:15.656" instance="351922" url="/deploy" method="POST" >
  <step title="Performing fetch based deployment" date="2019-07-11T16:31:15.691" >
    <step title="Creating temporary deployment" date="2019-07-11T16:31:15.734" /><!-- duration: 47ms -->
    <step title="DeploymentManager.Deploy(id:d523d751285b283b1ede45075c40b54ea26bab0b)" date="2019-07-11T16:31:41.423" >
      <step title="Collecting changeset information" date="2019-07-11T16:31:41.423" /><!-- duration: 79ms -->
      <step title="Updating submodules" date="2019-07-11T16:31:41.518" /><!-- duration: 47ms -->
      <step title="Determining deployment builder" date="2019-07-11T16:31:41.627" >
        <step title="Builder is NodeSiteBuilder" date="2019-07-11T16:31:41.877" /><!-- duration: 0ms -->
      </step><!-- duration: 250ms -->
      <step title="Copying SSH keys" date="2019-07-11T16:31:41.908" /><!-- duration: 31ms -->
      <step title="Building" date="2019-07-11T16:31:41.940" >
        <step title="Generating deployment script" date="2019-07-11T16:31:41.971" >
          <step title="Using cached version of the deployment script for command: -y --no-dot-deployment -r &quot;D:\home\site\repository&quot; -o &quot;D:\home\site\deployments\tools&quot; --node --sitePath &quot;D:\home\site\repository&quot;" date="2019-07-11T16:31:42.018" /><!-- duration: 0ms -->
        </step><!-- duration: 78ms -->
        <step title="Executing external process" date="2019-07-11T16:31:42.143" type="process" path="starter.cmd" arguments="&quot;D:\home\site\deployments\tools\deploy.cmd&quot;" /><!-- duration: 73040ms -->
        <step title="Skip function trigger and logicapp sync because function is not enabled." date="2019-07-11T16:32:55.245" /><!-- duration: 0ms -->
        <step title="Purge deployment items" date="2019-07-11T16:32:55.526" >
          <step title="Remove 7259ce76e, Success, received at 7/8/2019 9:25:00 PM" date="2019-07-11T16:32:55.589" /><!-- duration: 0ms -->
        </step><!-- duration: 62ms -->
      </step><!-- duration: 73665ms -->
    </step><!-- duration: 74197ms -->
    <step title="Cleaning up temp files" date="2019-07-11T16:32:55.620" /><!-- duration: 0ms -->
    <step title="WebHooksManager.PublishEventAsync: PostDeployment" date="2019-07-11T16:32:55.635" /><!-- duration: 47ms -->
  </step><!-- duration: 100022ms -->
</step><!-- duration: 100073ms -->
