<step title="BackgroundTrace" date="2019-07-11T17:09:25.149" instance="351922" url="/deploy" method="POST" >
  <step title="Performing fetch based deployment" date="2019-07-11T17:09:25.164" >
    <step title="Creating temporary deployment" date="2019-07-11T17:09:25.164" /><!-- duration: 47ms -->
    <step title="DeploymentManager.Deploy(id:0b0b17918788d8f388556822f19723ea34742e6a)" date="2019-07-11T17:09:36.249" >
      <step title="Collecting changeset information" date="2019-07-11T17:09:36.264" /><!-- duration: 31ms -->
      <step title="Updating submodules" date="2019-07-11T17:09:36.295" /><!-- duration: 47ms -->
      <step title="Determining deployment builder" date="2019-07-11T17:09:36.420" >
        <step title="Builder is NodeSiteBuilder" date="2019-07-11T17:09:36.657" /><!-- duration: 0ms -->
      </step><!-- duration: 237ms -->
      <step title="Copying SSH keys" date="2019-07-11T17:09:36.686" /><!-- duration: 47ms -->
      <step title="Building" date="2019-07-11T17:09:36.733" >
        <step title="Generating deployment script" date="2019-07-11T17:09:36.764" >
          <step title="Using cached version of the deployment script for command: -y --no-dot-deployment -r &quot;D:\home\site\repository&quot; -o &quot;D:\home\site\deployments\tools&quot; --node --sitePath &quot;D:\home\site\repository&quot;" date="2019-07-11T17:09:36.811" /><!-- duration: 0ms -->
        </step><!-- duration: 47ms -->
        <step title="Executing external process" date="2019-07-11T17:09:36.874" type="process" path="starter.cmd" arguments="&quot;D:\home\site\deployments\tools\deploy.cmd&quot;" /><!-- duration: 47400ms -->
        <step title="Skip function trigger and logicapp sync because function is not enabled." date="2019-07-11T17:10:24.334" /><!-- duration: 0ms -->
        <step title="Purge deployment items" date="2019-07-11T17:10:24.584" >
          <step title="Remove 18269414e, Success, received at 7/8/2019 9:41:24 PM" date="2019-07-11T17:10:24.615" /><!-- duration: 16ms -->
        </step><!-- duration: 47ms -->
      </step><!-- duration: 47913ms -->
    </step><!-- duration: 48398ms -->
    <step title="Cleaning up temp files" date="2019-07-11T17:10:24.646" /><!-- duration: 16ms -->
    <step title="WebHooksManager.PublishEventAsync: PostDeployment" date="2019-07-11T17:10:24.677" /><!-- duration: 0ms -->
  </step><!-- duration: 59560ms -->
</step><!-- duration: 59576ms -->
