﻿<?xml version="1.0" encoding="utf-8"?>
<deployment>
  <id>96de30fb3dbb4a1b278d6ec5f230f854b811e1ef</id>
  <author>Minh-Kha</author>
  <deployer>GitHub</deployer>
  <authorEmail>mk.nguyen1406@gmail.com</authorEmail>
  <message>integrated mongodb database and endpoints
</message>
  <progress></progress>
  <status>Success</status>
  <statusText></statusText>
  <lastSuccessEndTime>2019-07-13T15:20:57.5155449Z</lastSuccessEndTime>
  <receivedTime>2019-07-13T15:19:44.6799132Z</receivedTime>
  <startTime>2019-07-13T15:19:44.8049389Z</startTime>
  <endTime>2019-07-13T15:20:57.5155449Z</endTime>
  <complete>True</complete>
  <is_temp>False</is_temp>
  <is_readonly>False</is_readonly>
</deployment>