﻿<?xml version="1.0" encoding="utf-8"?>
<deployment>
  <id>9a4c33bf6a43f3b1cf92b09165d616f988cd4998</id>
  <author>Minh-Kha</author>
  <deployer>GitHub</deployer>
  <authorEmail>mk.nguyen1406@gmail.com</authorEmail>
  <message>minor fixes
</message>
  <progress></progress>
  <status>Success</status>
  <statusText></statusText>
  <lastSuccessEndTime>2019-07-11T12:09:20.1749104Z</lastSuccessEndTime>
  <receivedTime>2019-07-11T12:08:32.6471994Z</receivedTime>
  <startTime>2019-07-11T12:08:32.7722035Z</startTime>
  <endTime>2019-07-11T12:09:20.1749104Z</endTime>
  <complete>True</complete>
  <is_temp>False</is_temp>
  <is_readonly>False</is_readonly>
</deployment>