﻿<?xml version="1.0" encoding="utf-8"?>
<deployment>
  <id>884b3562288d19d87a7cdb78c05632b736f06702</id>
  <author>Minh-Kha</author>
  <deployer>GitHub</deployer>
  <authorEmail>mk.nguyen1406@gmail.com</authorEmail>
  <message>included sweetAlert und fixed price paths from round 12
</message>
  <progress></progress>
  <status>Success</status>
  <statusText></statusText>
  <lastSuccessEndTime>2019-07-11T11:48:12.0876225Z</lastSuccessEndTime>
  <receivedTime>2019-07-11T11:47:23.6280637Z</receivedTime>
  <startTime>2019-07-11T11:47:23.7530812Z</startTime>
  <endTime>2019-07-11T11:48:12.0876225Z</endTime>
  <complete>True</complete>
  <is_temp>False</is_temp>
  <is_readonly>False</is_readonly>
</deployment>