﻿<?xml version="1.0" encoding="utf-8"?>
<deployment>
  <id>d523d751285b283b1ede45075c40b54ea26bab0b</id>
  <author>Minh-Kha</author>
  <deployer>GitHub</deployer>
  <authorEmail>mk.nguyen1406@gmail.com</authorEmail>
  <message>try database
</message>
  <progress></progress>
  <status>Success</status>
  <statusText></statusText>
  <lastSuccessEndTime>2019-07-11T16:32:55.3113203Z</lastSuccessEndTime>
  <receivedTime>2019-07-11T16:31:41.4401616Z</receivedTime>
  <startTime>2019-07-11T16:31:41.6118411Z</startTime>
  <endTime>2019-07-11T16:32:55.3113203Z</endTime>
  <complete>True</complete>
  <is_temp>False</is_temp>
  <is_readonly>False</is_readonly>
</deployment>