﻿<?xml version="1.0" encoding="utf-8"?>
<deployment>
  <id>8957d72aefa9ef857cbc2fc7753370999c285f94</id>
  <author>Minh-Kha</author>
  <deployer>GitHub</deployer>
  <authorEmail>mk.nguyen1406@gmail.com</authorEmail>
  <message>fixed routing
</message>
  <progress></progress>
  <status>Success</status>
  <statusText></statusText>
  <lastSuccessEndTime>2019-07-13T17:40:16.1637077Z</lastSuccessEndTime>
  <receivedTime>2019-07-13T17:39:25.369483Z</receivedTime>
  <startTime>2019-07-13T17:39:25.463347Z</startTime>
  <endTime>2019-07-13T17:40:16.1637077Z</endTime>
  <complete>True</complete>
  <is_temp>False</is_temp>
  <is_readonly>False</is_readonly>
</deployment>