﻿<?xml version="1.0" encoding="utf-8"?>
<deployment>
  <id>519810265da4ab6d81615ad42489182c50ad1dd5</id>
  <author>Minh-Kha</author>
  <deployer>GitHub</deployer>
  <authorEmail>mk.nguyen1406@gmail.com</authorEmail>
  <message>reseted to working version
</message>
  <progress></progress>
  <status>Success</status>
  <statusText></statusText>
  <lastSuccessEndTime>2019-07-11T17:38:12.9989732Z</lastSuccessEndTime>
  <receivedTime>2019-07-11T17:37:23.209837Z</receivedTime>
  <startTime>2019-07-11T17:37:23.3504487Z</startTime>
  <endTime>2019-07-11T17:38:12.9989732Z</endTime>
  <complete>True</complete>
  <is_temp>False</is_temp>
  <is_readonly>False</is_readonly>
</deployment>