﻿<?xml version="1.0" encoding="utf-8"?>
<deployment>
  <id>fb71d4cccef9f846ab64d06bb178fd5aa00440bb</id>
  <author>Minh-Kha</author>
  <deployer>GitHub</deployer>
  <authorEmail>mk.nguyen1406@gmail.com</authorEmail>
  <message>try database
</message>
  <progress></progress>
  <status>Success</status>
  <statusText></statusText>
  <lastSuccessEndTime>2019-07-11T16:39:30.702397Z</lastSuccessEndTime>
  <receivedTime>2019-07-11T16:38:42.1765352Z</receivedTime>
  <startTime>2019-07-11T16:38:42.3016255Z</startTime>
  <endTime>2019-07-11T16:39:30.702397Z</endTime>
  <complete>True</complete>
  <is_temp>False</is_temp>
  <is_readonly>False</is_readonly>
</deployment>