﻿<?xml version="1.0" encoding="utf-8"?>
<deployment>
  <id>f3fcb34e2ef6427b675ae87c5a230701ea6788be</id>
  <author>Minh-Kha</author>
  <deployer>GitHub</deployer>
  <authorEmail>mk.nguyen1406@gmail.com</authorEmail>
  <message>fixed rounding of displayed endowment
</message>
  <progress></progress>
  <status>Success</status>
  <statusText></statusText>
  <lastSuccessEndTime>2019-07-11T12:48:52.1443208Z</lastSuccessEndTime>
  <receivedTime>2019-07-11T12:48:05.1986377Z</receivedTime>
  <startTime>2019-07-11T12:48:05.3236351Z</startTime>
  <endTime>2019-07-11T12:48:52.1443208Z</endTime>
  <complete>True</complete>
  <is_temp>False</is_temp>
  <is_readonly>False</is_readonly>
</deployment>