﻿<?xml version="1.0" encoding="utf-8"?>
<deployment>
  <id>71f8b0e417a6224bd312ab869dfe499af1b81a14</id>
  <author>Minh-Kha</author>
  <deployer>GitHub</deployer>
  <authorEmail>mk.nguyen1406@gmail.com</authorEmail>
  <message>try database
</message>
  <progress></progress>
  <status>Success</status>
  <statusText></statusText>
  <lastSuccessEndTime>2019-07-11T16:58:05.2078849Z</lastSuccessEndTime>
  <receivedTime>2019-07-11T16:57:14.7472395Z</receivedTime>
  <startTime>2019-07-11T16:57:14.8878357Z</startTime>
  <endTime>2019-07-11T16:58:05.2078849Z</endTime>
  <complete>True</complete>
  <is_temp>False</is_temp>
  <is_readonly>False</is_readonly>
</deployment>