﻿<?xml version="1.0" encoding="utf-8"?>
<deployment>
  <id>0b0b17918788d8f388556822f19723ea34742e6a</id>
  <author>Minh-Kha</author>
  <deployer>GitHub</deployer>
  <authorEmail>mk.nguyen1406@gmail.com</authorEmail>
  <message>reseted to working version
</message>
  <progress></progress>
  <status>Success</status>
  <statusText></statusText>
  <lastSuccessEndTime>2019-07-11T17:10:24.3810666Z</lastSuccessEndTime>
  <receivedTime>2019-07-11T17:09:36.2802615Z</receivedTime>
  <startTime>2019-07-11T17:09:36.4052581Z</startTime>
  <endTime>2019-07-11T17:10:24.3810666Z</endTime>
  <complete>True</complete>
  <is_temp>False</is_temp>
  <is_readonly>False</is_readonly>
</deployment>